Date,Actual,Predicted,Predicted_Return
2023-01-12,3983.169921875,3971.412107859738,0.0004538964
2023-01-13,3999.090087890625,3984.910176964244,0.00043695135
2023-01-17,3990.969970703125,4000.753394283849,0.00041588716
2023-01-18,3928.860107421875,3992.5109595936665,0.00038614724
2023-01-19,3898.85009765625,3930.260025365482,0.00035636144
2023-01-20,3972.610107421875,3900.1249868652667,0.00032701087
2023-01-23,4019.81005859375,3973.862231865409,0.00031518016
2023-01-24,4016.949951171875,4021.032494480547,0.00030415686
2023-01-25,4016.219970703125,4018.1087869264884,0.00028846163
2023-01-26,4060.429931640625,4017.3134830490453,0.0002722217
2023-01-27,4070.56005859375,4061.467715474777,0.00025553943
2023-01-30,4017.77001953125,4071.527158999059,0.00023760559
2023-01-31,4076.60009765625,4018.649381846888,0.00021888444
2023-02-01,4119.2099609375,4077.4563743319595,0.00021008612
2023-02-02,4179.759765625,4120.082062350586,0.0002116873
2023-02-03,4136.47998046875,4180.647177713225,0.00021232234
2023-02-06,4111.080078125,4137.344889865606,0.00020903733
2023-02-07,4164.0,4111.9259543675,0.00020579167
2023-02-08,4117.85986328125,4164.854282855988,0.00020513649
2023-02-09,4081.5,4118.6492098164745,0.0001917322
2023-02-10,4090.4599609375,4082.232261836529,0.00017935643
2023-02-13,4137.2900390625,4091.175300689065,0.00017485907
2023-02-14,4136.1298828125,4138.042667460395,0.00018194411
2023-02-15,4147.60009765625,4136.888216943713,0.0001832844
2023-02-16,4090.409912109375,4148.36498467339,0.00018445333
2023-02-17,4079.090087890625,4091.1686408309033,0.0001854609
2023-02-21,3997.340087890625,4079.8676263154193,0.00019060913
2023-02-22,3991.050048828125,3998.1306346900237,0.00019782211
2023-02-23,4012.320068359375,3991.912620274845,0.0002160893
2023-02-24,3970.0400390625,4013.314466169133,0.00024786976
2023-02-27,3982.239990234375,3971.1375421107514,0.00027640845
2023-02-28,3970.14990234375,3983.45574815452,0.00030532526
2023-03-01,3951.389892578125,3971.455678412982,0.00032894604
2023-03-02,3981.35009765625,3952.7940699183673,0.00035533833
2023-03-03,4045.639892578125,3982.864590664103,0.00038044888
2023-03-06,4048.419921875,4047.268544902472,0.00040258665
2023-03-07,3986.3701171875,4050.111949949991,0.00041800278
2023-03-08,3992.010009765625,3988.0794560088543,0.00042878208
2023-03-09,3918.320068359375,3993.777445456537,0.00044271152
2023-03-10,3861.590087890625,3920.0684242267453,0.00044621207
2023-03-13,3855.760009765625,3863.2947173232387,0.0004414674
2023-03-14,3919.2900390625,3857.441841349093,0.00043615483
2023-03-15,3891.929931640625,3921.0093931369483,0.00043868442
2023-03-16,3960.280029296875,3893.6177970279823,0.00043374125
2023-03-17,3916.639892578125,3962.0249189124443,0.00044064136
2023-03-20,3951.570068359375,3918.307658874546,0.0004258395
2023-03-21,4002.8701171875,3953.259303362982,0.00042742764
2023-03-22,3936.969970703125,4004.594643187942,0.00043085194
2023-03-23,3948.719970703125,3938.660004242003,0.00042922515
2023-03-24,3970.989990234375,3950.421638333093,0.00043091452
2023-03-27,3977.530029296875,3972.7239771287714,0.00043672137
2023-03-28,3971.27001953125,3979.267346146982,0.00043676776
2023-03-29,4027.81005859375,3972.9766707921517,0.00042976253
2023-03-30,4050.830078125,4029.499234650866,0.00041934615
2023-03-31,4109.31005859375,4052.4410211015493,0.00039763568
2023-04-03,4124.509765625,4110.838446543552,0.00037198997
2023-04-04,4100.60009765625,4125.924328636611,0.00034302077
2023-04-05,4090.3798828125,4101.871543509245,0.000310075
2023-04-06,4105.02001953125,4091.533083489281,0.00028196408
2023-04-10,4109.10986328125,4106.076050901669,0.00025721657
2023-04-11,4108.93994140625,4110.063589680649,0.00023204682
2023-04-12,4091.949951171875,4109.798602547322,0.00020902988
2023-04-13,4146.22021484375,4092.7026241749118,0.00018388673
2023-04-14,4137.64013671875,4146.906258780742,0.00016548298
2023-04-17,4151.31982421875,4138.244855261757,0.00014612335
2023-04-18,4154.8701171875,4151.853795300762,0.00012865581
2023-04-19,4154.52001953125,4155.338670150144,0.00011276314
2023-04-20,4129.7900390625,4154.94197881897,0.000101592974
2023-04-21,4133.52001953125,4130.185855769087,9.581121e-05
2023-04-24,4137.0400390625,4133.953150283953,0.00010474061
2023-04-25,4071.6298828125,4137.556884999387,0.00012490258
2023-04-26,4055.989990234375,4072.220100156963,0.0001449968
2023-04-27,4135.35009765625,4056.692532712914,0.0001731877
2023-04-28,4169.47998046875,4136.214277830266,0.00020893884
2023-05-01,4167.8701171875,4170.454677372181,0.0002337654
2023-05-02,4119.580078125,4168.913499742281,0.0002502973
2023-05-03,4090.75,4120.627577818232,0.00025422033
2023-05-04,4061.219970703125,4091.8350332677364,0.00026523293
2023-05-05,4136.25,4062.3407435693953,0.00027591386
2023-05-08,4138.1201171875,4137.481712400913,0.00029783358
2023-05-09,4119.169921875,4139.411582764005,0.0003120497
2023-05-10,4137.64013671875,4120.485426929081,0.00031937798
2023-05-11,4130.6201171875,4138.987682444276,0.00032569905
2023-05-12,4124.080078125,4131.97276275896,0.0003274217
2023-05-15,4136.27978515625,4125.433040186763,0.0003280117
2023-05-16,4109.89990234375,4137.6066714408225,0.00032077834
2023-05-17,4158.77001953125,4111.161983269267,0.00030702772
2023-05-18,4198.0498046875,4160.03025166865,0.00030305027
2023-05-19,4191.97998046875,4199.328946030233,0.00030470808
2023-05-22,4192.6298828125,4193.246278437437,0.00030205218
2023-05-23,4145.580078125,4193.8623906720895,0.00029401097
2023-05-24,4115.240234375,4146.73055629991,0.00027753104
2023-05-26,4205.4501953125,4116.383273809683,0.00027775206
2023-05-30,4205.52001953125,4206.642856361228,0.00028365303
2023-05-31,4179.830078125,4206.674097428913,0.0002744787
2023-06-01,4221.02001953125,4180.89638571348,0.0002551491
2023-06-02,4282.3701171875,4222.077210791234,0.00025046646
2023-06-05,4273.7900390625,4283.4253171720775,0.00024646142
2023-06-06,4283.85009765625,4274.797781550558,0.00023575261
2023-06-07,4267.52001953125,4284.784632406081,0.00021817163
2023-06-08,4293.93017578125,4268.367560428684,0.00019855308
2023-06-09,4298.85986328125,4294.746106708073,0.00019006548
2023-06-12,4338.93017578125,4299.634196430852,0.00018016074
2023-06-13,4369.009765625,4339.66827837954,0.00017005787
2023-06-14,4372.58984375,4369.671215343755,0.0001514412
2023-06-15,4425.83984375,4373.14080851851,0.0001259977
2023-06-16,4409.58984375,4426.298856814392,0.000103747705
2023-06-20,4388.7099609375,4409.877381997649,6.5250904e-05
2023-06-21,4365.68994140625,4388.886270911316,4.0127663e-05
2023-06-22,4381.89013671875,4365.77893507242,2.0376407e-05
2023-06-23,4348.330078125,4381.926702059456,8.343952e-06
2023-06-26,4328.81982421875,4348.285499049816,-1.0233605e-05
2023-06-27,4378.41015625,4328.785765873385,-7.892726e-06
2023-06-28,4376.85986328125,4378.4425169741735,7.431023e-06
2023-06-29,4396.43994140625,4376.939171159174,1.8102932e-05
2023-06-30,4450.3798828125,4396.573586009152,3.0396157e-05
2023-07-03,4455.58984375,4450.575647136779,4.3968786e-05
2023-07-05,4446.81982421875,4455.866040553898,6.2038656e-05
2023-07-06,4411.58984375,4447.102368708409,6.348861e-05
2023-07-07,4398.9501953125,4411.881193730049,6.6062086e-05
2023-07-10,4409.52978515625,4399.305735615781,8.079375e-05
2023-07-11,4439.259765625,4409.971336963121,0.00010015059
2023-07-12,4472.16015625,4439.775207401719,0.000116115785
2023-07-13,4510.0400390625,4472.702875499614,0.000121414196
2023-07-14,4505.419921875,4510.591656336794,0.0001222709
2023-07-17,4522.7900390625,4505.928007035982,0.00011276838
2023-07-18,4554.97998046875,4523.219748456613,9.499991e-05
2023-07-19,4565.72021484375,4555.313922964095,7.328612e-05
2023-07-20,4534.8701171875,4565.937381072727,4.760793e-05
2023-07-21,4536.33984375,4534.987427093438,2.5889021e-05
2023-07-24,4554.64013671875,4536.398788099643,1.3011158e-05
2023-07-25,4567.4599609375,4554.659683113685,4.288624e-06
2023-07-26,4566.75,4567.442809702305,-3.7266873e-06
2023-07-27,4537.41015625,4566.663440555334,-1.8972438e-05
2023-07-28,4582.22998046875,4537.244099507574,-3.6615995e-05
2023-07-31,4588.9599609375,4582.0202226266265,-4.5761466e-05
2023-08-01,4576.72998046875,4588.702028438856,-5.621789e-05
2023-08-02,4513.39013671875,4576.445728740713,-6.213761e-05
2023-08-03,4501.89013671875,4513.12488396914,-5.876925e-05
2023-08-04,4478.02978515625,4501.69693655381,-4.2907777e-05
2023-08-07,4518.43994140625,4477.950512477983,-1.768372e-05
2023-08-08,4499.3798828125,4518.5180442084675,1.7273123e-05
2023-08-09,4467.7099609375,4499.598720907234,4.861306e-05
2023-08-10,4468.830078125,4468.055080897175,7.7246455e-05
2023-08-11,4464.0498046875,4469.295147974277,0.00010406901
2023-08-14,4489.72021484375,4464.6415623882785,0.00013257412
2023-08-15,4437.85986328125,4490.435263896827,0.00015930203
2023-08-16,4404.330078125,4438.652356395149,0.0001785896
2023-08-17,4370.35986328125,4405.191663939739,0.00019556389
2023-08-18,4369.7099609375,4371.300766696106,0.00021528121
2023-08-21,4399.77001953125,4370.7564691676525,0.00023946085
2023-08-22,4387.5498046875,4400.928625580447,0.00026328536
2023-08-23,4436.009765625,4388.7705723338295,0.00027821545
2023-08-24,4376.31005859375,4437.286321589258,0.0002878126
2023-08-25,4405.7099609375,4377.573086577875,0.00028855418
2023-08-28,4433.31005859375,4407.012985993992,0.00029572484
2023-08-29,4497.6298828125,4434.639743817737,0.00029996393
2023-08-30,4514.8701171875,4498.978323358926,0.00029982708
2023-08-31,4507.66015625,4516.178516537533,0.00028978434
2023-09-01,4515.77001953125,4508.872429050505,0.00026894064
2023-09-05,4496.830078125,4516.9166448285105,0.00025388278
2023-09-06,4465.47998046875,4497.867361807963,0.00023061689
2023-09-07,4451.14013671875,4466.394517732435,0.00020484533
2023-09-08,4457.490234375,4451.914837908698,0.00017408759
2023-09-11,4487.4599609375,4458.15923454822,0.0001500838
2023-09-12,4461.89990234375,4488.051077277283,0.00013168727
2023-09-13,4467.43994140625,4462.40627106512,0.0001134536
2023-09-14,4505.10009765625,4467.900073541328,0.0001029945
2023-09-15,4450.31982421875,4505.5195335359895,9.310292e-05
2023-09-18,4453.52978515625,4450.623281352455,6.821193e-05
2023-09-19,4443.9501953125,4453.832399365609,6.789563e-05
2023-09-20,4402.2001953125,4444.312551252078,8.1526e-05
2023-09-21,4330.0,4402.673549720785,0.00010754482
2023-09-22,4320.06005859375,4330.575020313263,0.00013282197
2023-09-25,4337.43994140625,4320.7748665048275,0.00016543025
2023-09-26,4273.52978515625,4338.299300334766,0.00019817671
2023-09-27,4274.509765625,4274.464615721197,0.00021869899
2023-09-28,4299.7001953125,4275.519716066774,0.00023631699
2023-09-29,4288.0498046875,4300.79913296923,0.00025553512
2023-10-02,4288.39013671875,4289.235220372328,0.00027648185
2023-10-03,4229.4501953125,4289.659997117473,0.0002961505
2023-10-04,4263.75,4230.774701793562,0.00031314656
2023-10-05,4258.18994140625,4265.193511247635,0.00033857865
2023-10-06,4308.5,4259.724463962659,0.00036034716
2023-10-09,4335.66015625,4310.14048063755,0.0003808051
2023-10-10,4358.240234375,4337.365247590002,0.00039324333
2023-10-11,4376.9501953125,4359.95368627226,0.00039312884
2023-10-12,4349.60986328125,4378.603172566742,0.0003776569
2023-10-13,4327.77978515625,4351.145182943961,0.00035297347
2023-10-16,4373.6298828125,4329.206280601735,0.00032962894
2023-10-17,4373.2001953125,4374.967736992752,0.00030588201
2023-10-18,4314.60009765625,4374.411235815729,0.00027687877
2023-10-19,4278.0,4315.677640820097,0.00024978147
2023-10-20,4224.16015625,4278.981196403503,0.00022929918
2023-10-23,4217.0400390625,4225.065555567853,0.0002143624
2023-10-24,4247.68017578125,4217.90972796292,0.00020625349
2023-10-25,4186.77001953125,4248.5425118612475,0.00020301354
2023-10-26,4137.22998046875,4187.602521466324,0.00019881222
2023-10-27,4117.3701171875,4138.066441303119,0.00020214706
2023-10-30,4166.81982421875,4118.27422377537,0.00021960237
2023-10-31,4193.7998046875,4167.85449954198,0.00024835544
2023-11-01,4237.85986328125,4194.952166146017,0.00027480477
2023-11-02,4317.77978515625,4239.12941143947,0.00029959733
2023-11-03,4358.33984375,4319.161806908029,0.0003200249
2023-11-06,4365.97998046875,4359.795635729097,0.00033407618
2023-11-07,4378.3798828125,4367.471113758569,0.00034148304
2023-11-08,4382.77978515625,4379.849153920426,0.00033553614
2023-11-09,4347.35009765625,4384.173729952192,0.00031804875
2023-11-10,4415.240234375,4348.603212897317,0.00028819893
2023-11-13,4411.5498046875,4416.401335234288,0.00026295148
2023-11-14,4495.7001953125,4412.572149851359,0.00023169944
2023-11-15,4502.8798828125,4496.580727031338,0.0001958306
2023-11-16,4508.240234375,4503.5503274170915,0.00014887028
2023-11-17,4514.02001953125,4508.686833814951,9.9018915e-05
2023-11-20,4547.3798828125,4514.2411840233835,4.9043098e-05
2023-11-21,4538.18994140625,4547.414034477784,7.459661e-06
2023-11-22,4556.6201171875,4538.040897449391,-3.28318e-05
2023-11-24,4559.33984375,4556.335756465036,-6.2428764e-05
2023-11-27,4550.43017578125,4558.979221107205,-7.912482e-05
2023-11-28,4554.89013671875,4549.927321341878,-0.0001105034
2023-11-29,4550.580078125,4554.287694620289,-0.0001322485
2023-11-30,4567.7998046875,4549.919890409103,-0.00014508725
2023-12-01,4594.6298828125,4567.084844452911,-0.0001565133
2023-12-04,4569.77978515625,4593.905245860224,-0.00015769154
2023-12-05,4567.18017578125,4569.0620635906525,-0.00015706394
2023-12-06,4549.33984375,4566.5143130594515,-0.00014580367
2023-12-07,4585.58984375,4548.756574749714,-0.0001281997
2023-12-08,4604.3701171875,4585.110982811078,-0.00010445691
2023-12-11,4622.43994140625,4603.989740789984,-8.262391e-05
2023-12-12,4643.7001953125,4622.146789306542,-6.3437736e-05
2023-12-13,4707.08984375,4643.474891426624,-4.8508402e-05
2023-12-14,4719.5498046875,4706.901023896644,-4.014175e-05
2023-12-15,4719.18994140625,4719.337136527756,-4.5081368e-05
2023-12-18,4740.56005859375,4718.896841769281,-6.209279e-05
2023-12-19,4768.3701171875,4740.23200713229,-6.917224e-05
2023-12-20,4698.35009765625,4767.994666521263,-7.872621e-05
2023-12-21,4746.75,4697.9227512926445,-9.0930844e-05
2023-12-22,4754.6298828125,4746.311178132892,-9.245891e-05
2023-12-26,4774.75,4754.173045195872,-9.611226e-05
2023-12-27,4781.580078125,4774.267892211676,-0.00010096643
2023-12-28,4783.35009765625,4781.029449658934,-0.0001151521
2023-12-29,4769.830078125,4782.721715473221,-0.00013134012
2024-01-02,4742.830078125,4769.129268697347,-0.00014692999
2024-01-03,4704.81005859375,4742.071325544734,-0.00015998236
2024-01-04,4688.68017578125,4704.038880129985,-0.00016393606
2024-01-05,4697.240234375,4687.975359713833,-0.0001503476
2024-01-08,4763.5400390625,4696.6542418116005,-0.00012476242
2024-01-09,4756.5,4763.103356088395,-9.165844e-05
2024-01-10,4783.4501953125,4756.198912918568,-6.330828e-05
2024-01-11,4780.240234375,4783.284543003829,-3.460655e-05
2024-01-12,4783.830078125,4780.153617320582,-1.8143211e-05
2024-01-16,4765.97998046875,4783.801564275753,-5.9716403e-06
2024-01-17,4739.2099609375,4765.976287499681,-7.5483695e-07
2024-01-18,4780.93994140625,4739.250637902878,8.606585e-06
2024-01-19,4839.81005859375,4781.048798504926,2.2809487e-05
2024-01-22,4850.43017578125,4839.973912484245,3.3822143e-05
2024-01-23,4864.60009765625,4850.588607057114,3.2673823e-05
2024-01-24,4868.5498046875,4864.711439516395,2.2904947e-05
2024-01-25,4894.16015625,4868.55328694568,7.0093665e-07
2024-01-26,4890.97021484375,4894.025675783632,-2.7494738e-05
2024-01-29,4927.93017578125,4890.686269939586,-5.807914e-05
2024-01-30,4924.97021484375,4927.511026599357,-8.5053616e-05
2024-01-31,4845.64990234375,4924.398377300589,-0.000116091454
2024-02-01,4906.18994140625,4844.963947146054,-0.00014154753
2024-02-02,4958.60986328125,4905.459739429731,-0.00014885329
2024-02-05,4942.81005859375,4957.878066180856,-0.00014759938
2024-02-06,4954.22998046875,4942.055256404274,-0.00015268801
2024-02-07,4995.06005859375,4953.419985959743,-0.00016351277
2024-02-08,4997.91015625,4994.201706519787,-0.0001718417
2024-02-09,5026.60986328125,4997.021524548763,-0.00017780426
2024-02-12,5021.83984375,5025.708039302321,-0.00017939624
2024-02-13,4953.169921875,5020.919120111503,-0.00018333585
2024-02-14,5000.6201171875,4952.231970021618,-0.00018935092
2024-02-15,5029.72998046875,4999.711927801545,-0.00018160511
2024-02-16,5005.56982421875,5028.853379102773,-0.00017427036
2024-02-20,4975.509765625,5004.727567457332,-0.00016825704
2024-02-21,4981.7998046875,4974.6980713469675,-0.00016312918
2024-02-22,5087.02978515625,4981.00697913894,-0.00015914731
2024-02-23,5088.7998046875,5086.269636173762,-0.0001494236
2024-02-26,5069.52978515625,5088.056376914901,-0.00014607469
2024-02-27,5078.18017578125,5068.778898864024,-0.00014813151
2024-02-28,5069.759765625,5077.410149910022,-0.00015164749
2024-02-29,5096.27001953125,5068.9873904013075,-0.00015232188
2024-03-01,5137.080078125,5095.468089529779,-0.00015734835
2024-03-04,5130.9501953125,5136.267745885416,-0.00015814533
2024-03-05,5078.64990234375,5130.123540974979,-0.0001611237
2024-03-06,5104.759765625,5077.798073242593,-0.00016769918
2024-03-07,5157.35986328125,5103.884084069403,-0.00017154322
2024-03-08,5123.68994140625,5156.475158590882,-0.00017155265
2024-03-11,5117.93994140625,5122.781389142532,-0.00017731311
2024-03-12,5175.27001953125,5116.9836002757365,-0.00018685893
2024-03-13,5165.31005859375,5174.277671119402,-0.00019175943
2024-03-14,5150.47998046875,5164.285445697606,-0.00019835716
2024-03-15,5117.08984375,5149.435284890322,-0.00020285149
2024-03-18,5149.419921875,5115.975060261553,-0.0002178473
2024-03-19,5178.509765625,5148.317124737543,-0.00021417113
2024-03-20,5224.6201171875,5177.442716821446,-0.00020603056
2024-03-21,5241.52978515625,5223.586542000237,-0.00019785017
2024-03-22,5234.18017578125,5240.505361547141,-0.00019542
2024-03-25,5218.18994140625,5233.172475697531,-0.00019251427
2024-03-26,5203.580078125,5217.160748570197,-0.00019722874
2024-03-27,5248.490234375,5202.4991790907225,-0.00020770461
2024-03-28,5254.35009765625,5247.37685675954,-0.00021212001
2024-04-01,5243.77001953125,5253.186933501798,-0.00022140017
2024-04-02,5205.81005859375,5242.568253056699,-0.00022918603
2024-04-03,5211.490234375,5204.578515760746,-0.00023654546
2024-04-04,5147.2099609375,5210.255484003923,-0.00023690751
2024-04-05,5204.33984375,5146.001178309554,-0.00023481692
2024-04-08,5202.39013671875,5203.160142396344,-0.0002266923
2024-04-09,5209.91015625,5201.234753987228,-0.00022206933
2024-04-10,5160.64013671875,5208.796267763944,-0.00021379802
2024-04-11,5199.06005859375,5159.580153589777,-0.00020538422
2024-04-12,5123.41015625,5198.1028141664865,-0.00018411805
2024-04-15,5061.81982421875,5122.541963632451,-0.0001694347
2024-04-16,5051.41015625,5061.044133021351,-0.00015325227
2024-04-17,5022.2099609375,5050.705611481331,-0.00013945065
2024-04-18,5011.1201171875,5021.606776650471,-0.00012011849
2024-04-19,4967.22998046875,5010.618025963486,-0.000100175035
2024-04-22,5010.60009765625,4966.811337519146,-8.426176e-05
2024-04-23,5070.5498046875,5010.274862318853,-6.4907246e-05
2024-04-24,5071.6298828125,5070.3122532280395,-4.6828645e-05
2024-04-25,5048.419921875,5071.440042998409,-3.7412625e-05
2024-04-26,5099.9599609375,5048.267962690559,-3.009406e-05
2024-04-29,5116.169921875,5099.871502378664,-1.73531e-05
2024-04-30,5035.68994140625,5116.137292493484,-6.3952757e-06
2024-05-01,5018.39013671875,5035.647620184318,-8.375384e-06
2024-05-02,5064.2001953125,5018.344969695172,-9.018695e-06
2024-05-03,5127.7900390625,5064.164577029762,-7.0208916e-06
2024-05-06,5180.740234375,5127.742359206313,-9.29099e-06
2024-05-07,5187.7001953125,5180.644198762602,-1.8544728e-05
2024-05-08,5187.669921875,5187.492405502126,-4.005572e-05
2024-05-09,5214.080078125,5187.33257461281,-6.500294e-05
2024-05-10,5222.68017578125,5213.602714836597,-9.156193e-05
2024-05-13,5221.419921875,5222.045754540071,-0.00012144598
2024-05-14,5246.68017578125,5220.613859796664,-0.0001543659
2024-05-15,5308.14990234375,5245.720418127807,-0.00018293282
2024-05-16,5297.10009765625,5307.071643896867,-0.00020313414
2024-05-17,5303.27001953125,5295.9148405929445,-0.0002237591
2024-05-20,5308.1298828125,5301.981913964177,-0.00024289335
2024-05-21,5321.41015625,5306.694425029855,-0.0002704222
2024-05-22,5307.009765625,5319.784922025166,-0.00030538545
2024-05-23,5267.83984375,5305.195656478056,-0.00034181005
2024-05-24,5304.72021484375,5265.905365390936,-0.00036720606
2024-05-28,5306.0400390625,5302.729191828199,-0.00037531368
2024-05-29,5266.9501953125,5304.014996625774,-0.00038165506
2024-05-30,5235.47998046875,5264.927200135076,-0.00038410386
2024-05-31,5277.509765625,5233.511824832152,-0.00037592603
2024-06-03,5283.39990234375,5275.612000440597,-0.00035959086
2024-06-04,5291.33984375,5281.622206184344,-0.00033647392
2024-06-05,5354.02978515625,5289.694462301442,-0.00031096593
2024-06-06,5352.9599609375,5352.527344451635,-0.00028064218
2024-06-07,5346.990234375,5351.573639689072,-0.0002589752
2024-06-10,5360.7900390625,5345.694059295463,-0.00024240825
2024-06-11,5375.31982421875,5359.554424340662,-0.00023050769
2024-06-12,5421.02978515625,5374.128919614159,-0.00022157037
2024-06-13,5433.740234375,5419.835862096777,-0.00022026745
2024-06-14,5431.60009765625,5432.493958924897,-0.00022938359
2024-06-17,5473.22998046875,5430.266900944582,-0.00024544727
2024-06-18,5487.02978515625,5471.803703220212,-0.0002605773
2024-06-20,5473.169921875,5485.451102925959,-0.000287732
2024-06-21,5464.6201171875,5471.390030914918,-0.00032522157
2024-06-24,5447.8701171875,5462.564193118829,-0.00037624338
2024-06-25,5469.2998046875,5445.639626751246,-0.00040943513
2024-06-26,5477.89990234375,5466.946767926798,-0.00043023168
2024-06-27,5482.8701171875,5475.465130116238,-0.00044447242
2024-06-28,5460.47998046875,5480.372350197693,-0.00045553187
2024-07-01,5475.08984375,5457.88175370192,-0.00047584611
2024-07-02,5509.009765625,5472.4738960154355,-0.00047778944
2024-07-03,5537.02001953125,5506.435731437639,-0.00046725315
2024-07-05,5567.18994140625,5534.527947058232,-0.00045005896
2024-07-08,5572.85009765625,5564.726432673633,-0.00044249208
2024-07-09,5576.97998046875,5570.400692664378,-0.0004395449
2024-07-10,5633.91015625,5574.553358920966,-0.00043510995
2024-07-11,5584.5400390625,5631.50275433599,-0.0004272916
2024-07-12,5615.35009765625,5582.15340041637,-0.00042737054
2024-07-15,5631.22021484375,5612.968700412224,-0.00042407075
2024-07-16,5667.2001953125,5628.829737760418,-0.00042451883
2024-07-17,5588.27001953125,5664.764718925464,-0.00042976486
2024-07-18,5544.58984375,5585.813504016754,-0.00043961126
2024-07-19,5505.0,5542.149885486579,-0.00044005725
2024-07-22,5564.41015625,5502.59419798851,-0.00043701148
2024-07-23,5555.740234375,5562.0457186696585,-0.0004249391
2024-07-24,5427.1298828125,5553.431471054908,-0.000415563
2024-07-25,5399.22021484375,5424.9107952716295,-0.0004089108
2024-07-26,5459.10009765625,5397.099108431576,-0.00039288355
2024-07-29,5463.5400390625,5457.113605612743,-0.00036389788
2024-07-30,5436.43994140625,5461.699777557806,-0.0003368382
2024-07-31,5522.2998046875,5434.737450632325,-0.00031318667
2024-08-01,5446.68017578125,5520.702087685349,-0.00028930616
2024-08-02,5346.56005859375,5445.225105968246,-0.00026717247
2024-08-05,5186.330078125,5345.1916474764585,-0.0002559569
2024-08-06,5240.02978515625,5185.027097864193,-0.0002512593
2024-08-07,5199.5,5238.789522273728,-0.00023670914
2024-08-08,5319.31005859375,5198.311168551445,-0.00022862933
2024-08-09,5344.16015625,5318.17373137176,-0.00021363935
2024-08-12,5344.39013671875,5343.082546364749,-0.00020163902
2024-08-13,5434.43017578125,5343.375553453836,-0.00018983718
2024-08-14,5455.2099609375,5433.469113210944,-0.00017685373
2024-08-15,5543.22021484375,5454.2783894218155,-0.00017075159
2024-08-16,5554.25,5542.301037392754,-0.00016580068
2024-08-19,5608.25,5553.322703465819,-0.00016696018
2024-08-20,5597.1201171875,5607.312685191631,-0.00016711012
2024-08-21,5620.85009765625,5596.1382901367615,-0.00017543323
2024-08-22,5570.64013671875,5619.778005581349,-0.00019071635
2024-08-23,5634.60986328125,5569.417248033074,-0.00021955103
2024-08-26,5616.83984375,5633.1505997266795,-0.0002589632
2024-08-27,5625.7998046875,5615.122372365091,-0.00030579406
2024-08-28,5592.18017578125,5623.808651969419,-0.0003539418
2024-08-29,5591.9599609375,5589.943599165708,-0.0003999282
2024-08-30,5648.39990234375,5589.518822029,-0.0004365535
2024-09-03,5528.93017578125,5645.768819496821,-0.00046581996
2024-09-04,5520.06982421875,5526.232809693291,-0.00048783584
2024-09-05,5503.41015625,5517.35703946944,-0.00049142714
2024-09-06,5408.419921875,5500.779693243327,-0.00047797407
2024-09-09,5471.0498046875,5405.952202886227,-0.00045629777
2024-09-10,5495.52001953125,5468.740038528049,-0.00042218307
2024-09-11,5554.1298828125,5493.408577320224,-0.00038420607
2024-09-12,5595.759765625,5552.247521489044,-0.0003389198
2024-09-13,5626.02001953125,5594.056744732661,-0.00030434446
2024-09-16,5633.08984375,5624.466738895746,-0.00027609954
2024-09-17,5634.580078125,5631.637017503148,-0.00025790546
2024-09-18,5618.259765625,5633.188663407345,-0.00024696975
2024-09-19,5713.64013671875,5616.879413440591,-0.00024570338
2024-09-20,5702.5498046875,5712.226474272757,-0.0002474226
2024-09-23,5718.56982421875,5701.001567223051,-0.00027147378
2024-09-24,5732.93017578125,5716.8979386694555,-0.00029238826
2024-09-25,5722.259765625,5731.115699575341,-0.00031647808
2024-09-26,5745.3701171875,5720.282905006316,-0.00034548354
2024-09-27,5738.169921875,5743.153433515516,-0.00038581982
2024-09-30,5762.47998046875,5735.709076607949,-0.00042886997
2024-10-01,5708.75,5759.79129282909,-0.00046658912
2024-10-02,5709.5400390625,5705.915567427874,-0.00049650914
2024-10-03,5699.93994140625,5706.613669467217,-0.00051256304
2024-10-04,5751.06982421875,5696.982819244266,-0.00051879627
2024-10-07,5695.93994140625,5748.107086152391,-0.00051515165
2024-10-08,5751.1298828125,5693.028351012617,-0.00051117607
2024-10-09,5792.0400390625,5748.267895257974,-0.00049762824
2024-10-10,5780.0498046875,5789.26540554798,-0.00047906325
2024-10-11,5815.02978515625,5777.38116968947,-0.00046168035
2024-10-14,5859.85009765625,5812.447941013001,-0.0004440057
2024-10-15,5815.259765625,5857.339514106396,-0.00042845728
2024-10-16,5842.47021484375,5812.79046973167,-0.0004246051
2024-10-17,5841.47021484375,5840.017223823466,-0.00041983847
2024-10-18,5864.669921875,5839.027392683784,-0.0004181834
2024-10-21,5853.97998046875,5862.2166987948585,-0.0004182913
2024-10-22,5851.2001953125,5851.4876134991355,-0.00042575656
2024-10-23,5797.419921875,5848.644491491839,-0.00043679716
2024-10-24,5809.85986328125,5794.810995554319,-0.0004500033
2024-10-25,5808.1201171875,5807.201359381055,-0.00045760546
2024-10-28,5823.52001953125,5805.421212647343,-0.00046465336
2024-10-29,5832.919921875,5820.773000154819,-0.00047172338
2024-10-30,5813.669921875,5830.161862746463,-0.00047285145
2024-10-31,5705.4501953125,5810.933439768967,-0.00047069357
2024-11-01,5728.7998046875,5702.8047804195085,-0.00046367466
2024-11-04,5712.68994140625,5726.281173028983,-0.0004396449
2024-11-05,5782.759765625,5710.326170589135,-0.0004137524
2024-11-06,5929.0400390625,5780.523830735707,-0.00038663798
2024-11-07,5973.10009765625,5926.842961673567,-0.00037058955
2024-11-08,5995.5400390625,5970.951133716735,-0.00035976735
2024-11-11,6001.35009765625,5993.417665941,-0.00035399327
2024-11-12,5983.990234375,5999.211359486944,-0.0003563679
2024-11-13,5985.3798828125,5981.777431284543,-0.0003698133
2024-11-14,5949.169921875,5983.033138938597,-0.00039208168
2024-11-15,5870.6201171875,5946.67993359617,-0.00041853776
2024-11-18,5893.6201171875,5867.996795235958,-0.00044688443
2024-11-19,5916.97998046875,5890.884292991599,-0.00046421075
2024-11-20,5917.10986328125,5914.165245460026,-0.00047572155
2024-11-21,5948.7099609375,5914.189965691679,-0.0004934957
2024-11-22,5969.33984375,5945.66880766541,-0.000511245
2024-11-25,5987.3701171875,5966.183894371148,-0.0005287111
2024-11-26,6021.6298828125,5984.109349682287,-0.00054460485
2024-11-27,5998.740234375,6018.344355586334,-0.0005456278
2024-11-29,6032.3798828125,5995.518326267484,-0.0005371083
2024-12-02,6047.14990234375,6029.246336062031,-0.00051944784
2024-12-03,6049.8798828125,6044.025623836904,-0.0005166577
2024-12-04,6086.490234375,6046.764290679246,-0.0005149547
2024-12-05,6075.10986328125,6083.388801752706,-0.00050955603
2024-12-06,6090.27001953125,6071.993951775221,-0.000512908
2024-12-09,6052.85009765625,6087.051950232795,-0.00052839285
2024-12-10,6034.91015625,6049.508572005958,-0.0005520459
2024-12-11,6084.18994140625,6031.468103928259,-0.00057035533
2024-12-12,6051.25,6080.646890179662,-0.00058235053
2024-12-13,6051.08984375,6047.679242193699,-0.00059009786
2024-12-16,6074.080078125,6047.512327661505,-0.0005912059
2024-12-17,6050.60986328125,6070.4813668741845,-0.0005924774
2024-12-18,5872.16015625,6047.045614166331,-0.0005890578
2024-12-19,5867.080078125,5868.762978406157,-0.00057855144
2024-12-20,5930.85009765625,5863.802640766371,-0.00055860204
2024-12-23,5974.06982421875,5927.677732898213,-0.0005348809
2024-12-24,6040.0400390625,5971.047041491402,-0.0005059767
2024-12-26,6037.58984375,6037.209965542133,-0.00046855945
2024-12-27,5970.83984375,6034.859882083256,-0.000452174
2024-12-30,5906.93994140625,5968.19415906677,-0.00044310698
2024-12-31,5881.6298828125,5904.35320188108,-0.00043791567
